{"cameraMode":{"drawMode":0,"name":"Shaded","section":"Shading Mode"},"sceneLighting":true,"audioPlay":false,"sceneViewState":{"showFog":true,"showMaterialUpdate":false,"showSkybox":true,"showFlares":true,"showImageEffects":true,"showParticleSystems":true},"in2DMode":false,"pivot":{"x":-15.747160911560059,"y":16.31472396850586,"z":-4.236122131347656},"rotation":{"x":-0.24144889414310456,"y":-0.710679292678833,"z":0.2886452376842499,"w":-0.5944374799728394},"size":4.041658401489258,"orthographic":false}